## 01 SQL 이란?

**들어가기 전에**

사람과 사람이 대화하기 위해서는 언어가 필요합니다.

DBMS에게 명령을 내릴 때도 특별한 명령이 필요합니다.

이 명령을 SQL이라고 합니다.

이번 시간엔 SQL에 대한 개념을 알아보고, 직접 데이터베이스 사용자와 데이터베이스를 생성해보도록 하겠습니다.



**학습 목표**

1. SQL이 무엇인지 이해한다.
2. MySQL에서 Database를 생성할 수 있다.
3. MySQL에서 Database를 이용하는 계정을 생성하고, 권한을 부여할 수 있다.
4. 생성한 Database에 sample데이터를 추가할 수 있다.



**핵심 개념**

- create database
- grant
- flush privileges
- select



------



**SQL(Structured Query Language)**

- 구조화된 쿼리 언어
- <u>SQL은 데이터를 보다 쉽게 검색하고 추가, 삭제, 수정 같은 조작을 할 수 있도록 고안된 컴퓨터 언어</u>입니다.
- 관계형 데이터베이스에서 데이터를 조작하고 쿼리하는 표준 수단입니다.
- `DML (Data Manipulation Language)`: 데이터를 조작하기 위해 사용합니다.
  **INSERT, UPDATE, DELETE, SELECT** 등이 여기에 해당합니다.
- `DDL (Data Definition Language)`: 데이터베이스의 스키마를 정의하거나 조작하기 위해 사용합니다.
  **CREATE, DROP, ALTER** 등이 여기에 해당합니다.
- `DCL (Data Control Language)` : 데이터를 제어하는 언어입니다.
  권한을 관리하고, 테이터의 보안, 무결성 등을 정의합니다.
  **GRANT, REVOKE** 등이 여기에 해당합니다.

 



**Database 생성하기**

콘솔에서 다음과 같이 명령을 실행합니다.

MySQL 관리자 계정인 root로 데이터베이스 관리 시스템에 접속하겠다는 것입니다.

```
mysql> mysql –uroot  -p
```



관리자 계정으로 MySQL에 접속했다면, 다음과 같은 명령으로 데이터베이스를 생성합니다.

우리는 다음과 같은 명령을 실행하여 DB이름을 “connectdb＂로 생성하도록 하겠습니다.

```mysql
mysql> create database connectdb;
```





**Database 사용자 생성과 권한 주기**

- Database를 생성했다면, 해당 데이터베이스를 사용하는 계정을 생성해야 합니다.
- 또한, 해당 계정이 데이터베이스를 이용할 수 있는 권한을 줘야 합니다.
- 아래와 같은 명령을 이용해서 사용자 생성과 권한을 줄 수 있습니다.
- db이름 뒤의 ***** 는 모든 권한을 의미한다.
- @’%’는 어떤 클라이언트에서든 접근 가능하다는 의미이고, @’localhost’는 해당 컴퓨터에서만 접근 가능하다는 의미입니다.
- flush privileges는 DBMS에게 적용을 하라는 의미입니다.

- 사용자 계정이름은 'connectuser', 암호는 'connect123!@#', 해당 사용자가 사용하는 데이터베이스는 'connectdb'로 계정을 생성하려면 다음과 같이 명령을 수행합니다.

  ```mysql
  mysql> CREATE USER 'connectuser'@'%' IDENTIFIED BY 'connect123!@#';
  mysql> GRANT ALL ON connectdb.* TO 'connectuser'@'%';
  mysql> flush privileges;
  ```

  connectdb의 모든 권한을 connectuser에 부여하며, connectuser는 어디에서나 접근이 가능하게 하겠다는 의미





**생성한 Database에 접속하기**

아래와 같이 명령을 실행하여 원하는 데이터베이스에 접속할 수 있습니다.

```markup
mysql –h[호스트명] –u[DB계정명] –p [데이터베이스이름]
```

db이름이 connectdb, db계정이 connectuser, 암호가 connect123!@# 일 경우 콘솔창에서 다음과 같이 입력합니다.

```markup
mysql –h127.0.0.1 –uconnectuser –p connectdb [enter]
```





**MySQL 연결끊기**

프롬프트에서 quit혹은 exit라고 입력합니다.

```mysql
mysql> QUIT
mysql> exit
```





**MySQL 버전과 현재 날짜 구하기**

```mysql
mysql> SELECT VERSION(), CURRENT_DATE;
+-----------+--------------+
| VERSION() | CURRENT_DATE |
+-----------+--------------+
| 5.1.67    | 2013-01-05   |
+-----------+--------------+
1 row in set (0.00 sec)
```

프롬프트에서는 SQL을 입력합니다.

SQL은 semicolon (;)으로 끝납니다.

SQL은 쿼리(Query)라고 읽습니다.

쿼리는 DBMS에게 명령을 내릴 때 사용하는 문장이라고 생각하면 쉽습니다.

**SELECT**는 어떤 내용을 조회할 때 사용하는 키워드입니다.

MySQL은 쿼리에 해당하는 결과의 전체 row를 출력하고 마지막에 전체 row 수와 쿼리실행에 걸린 시간을 표시합니다.

 

**키워드는 대소문자를 구별하지 않는다.**

다음 쿼리들은 모두 같습니다.

```mysql
mysql> SELECT VERSION(), CURRENT_DATE;
mysql> select version(), current_date;
mysql> SeLeCt vErSiOn(), current_DATE;
```

 

**쿼리를 이용해서 계산식의 결과도 구할 수 있다.**

 함수 및 수식 사용 예제

```mysql
mysql> SELECT SIN(PI()/4), (4+1)*5;
+-------------+---------+
| SIN(PI()/4) | (4+1)*5 |
+-------------+---------+
|    0.707107 |      25 |
+-------------+---------+
```

 

**여러 문장을 한 줄에 연속으로 붙여서 실행가능하다.**

각 문장에 semicolon(;)만 붙혀 주면 됩니다.

```mysql
mysql> SELECT VERSION(); SELECT NOW();
+--------------+
| VERSION()    |
+--------------+
| 3.22.20a-log |
+--------------+
+---------------------+
| NOW()               |
+---------------------+
| 2004 00:15:33 |
+---------------------+
```



**하나의 SQL은 여러 줄로 입력가능하다.**

MySQL은 문장의 끝을 라인으로 구분하는 것이 아니라 semicolon(;)으로 구분하기 때문에 여러 줄에 거쳐 문장을 쓰는 것도 가능합니다.

```mysql
mysql> SELECT
    -> USER()
    -> ,
    -> CURRENT_DATE;
+--------------------+--------------+
| USER()             | CURRENT_DATE |
+--------------------+--------------+
| joesmith@localhost | 1999-03-18   |
+--------------------+--------------+
```

 

**SQL을 입력하는 도중에 취소할 수 있다.**

긴 쿼리를 작성하다가 중간에 취소해야 하는 경우에는 즉시 \c를 붙혀주면 됩니다.

```mysql
mysql> SELECT

    -> USER()

    -> \c

mysql>
```

 

**DBMS에 존재하는 데이터베이스 확인하기**

작업하기 위한 데이터베이스를 선택하기 위해서는 어떤 데이터베이스가 존재하는지 알아보아야 합니다.

현재 서버에 존재하는 데이터베이스를 찾아보기 위해서` SHOW statement`을 사용합니다.

```mysql
mysql> show databases;
+-----------------------+
| Database               |
+-----------------------+
| information_schema 	 |
| connectdb              |
+-----------------------+
2 rows in set (0.00 sec)
```

 

 

**사용중인 데이터베이스 전환하기**

Database을 선택하기 위해,  “use” command 사용합니다.

```markup
mysql> use mydb;
```





**데이터를 저장하는 공간 테이블(Table)**

- 마이크로소프트의 엑셀(Excel)을 실행하면 표가 나옵니다. 이러한 표에 각종 값을 저장할 수 있습니다.
- 데이터베이스도 엑셀의 표와 유사한 테이블을 가질 수 있습니다.
- 엑셀과 다른 점은 데이터베이스를 생성해도 테이블은 존재하지 않는다는 것입니다.
- 테이블을 사용하려면 테이블을 생성하는 SQL을 사용해야 합니다.
- 그리고, 테이블에 값을 저장하려면 저장하기 위한 SQL을 사용해야 합니다.





##### 테이블의 구성요소

![mysql-table](C:\Users\lg\Documents\boost-course\images\mysql-table.PNG)

- 테이블 : RDBMS의 기본적 저장구조 한 개 이상의 column과 0개 이상의 row로 구성합니다.
- 열(Column) : 테이블 상에서의 단일 종류의 데이터를 나타냄. 특정 데이터 타입 및 크기를 가지고 있습니다.
- 행(Row) : Column들의 값의 조합. 레코드라고 불림. 기본키(PK)에 의해 구분. 기본키는 중복을 허용하지 않으며 없어서는 안 됩니다.
- Field : Row와 Column의 교차점으로 Field는 데이터를 포함할 수 있고 없을 때는 NULL 값을 가지고 있습니다.





**현재 데이터베이스에 존재하는 테이블 목록 확인하기**

Database를 선택 후, Database의 전체 테이블 목록을 출력합니다.

```markup
mysql> show tables;

Empty set (0.02 sec)
```

“empty set” 은  데이터베이스에 어떤 테이블도 아직 생성되지 않았다는 것을 알려줍니다.



**SQL 연습을 위한 테이블 생성과 값의 저장**

examples.sql을 다운로드 합니다. [링크 바로가기](https://github.com/connect-boostcamp/boostcourse_fullstack_web/tree/master/part2)

터미널에서 examples.sql이 있는 폴더로 이동한 후, 다음과 같이 명령을 수행합니다.

명령을 수행한 후 암호를 입력합니다.

```markup
mysql   -uconnectuser  -p  connectdb   <  examples.sql
```

examples.sql에는 연습을 위한 테이블 생성문과 해당 테이블에 값을 저장하는 입력문이 존재합니다.

```markup
mysql –uconnectuser -p  connectdb
```

위의 명령으로 connectdb에 접속한 후 다음과 같이 명령을 수행합니다.

```markup
mysql> show tables
```

위의 명령은 접속한 db의 테이블 목록을 보는 명령입니다.





**테이블 구조를 확인하기 위한 DESCRIBE 명령**

table 구조를 확인하기 위해,  DESCRIBE 명령을 사용할 수 있습니다.

짧게 DESC라고 사용해도 됩니다.

EMPLOYEE테이블의 구조를 확인해 봅시다.

```markup
mysql> desc EMPLOYEE;
```



**생각해보기**

하나의 DBMS에는 여러 개의 데이터베이스를 생성하고, 각각의 데이터베이스를 사용할 수 있는 사용자를 추가할 수 있습니다.

이번 시간에 만든 connectdb와 connectuser 말고, 추가로 데이터베이스를 생성하고, 생성한 데이터베이스를 사용한 사용자를 추가하고 로그인해보세요.



------



##### 참고 자료

- [[MySQL 8.0] CREATE DB Syntax](https://dev.mysql.com/doc/refman/8.0/en/create-database.html)
- [[MySQL 8.0] GRANT Syntax](https://dev.mysql.com/doc/refman/8.0/en/grant.html)
- [[MySQL 8.0] SELECT Syntax](https://dev.mysql.com/doc/refman/8.0/en/select.html)







## 02 DML(select, insert, update, delete)

**들어가기 전에**

이번 시간에는 DBMS에 값을 저장, 수정, 삭제, 조회하는 방법에 대해 배워보도록 하겠습니다.



**학습 목표**

1. insert문을 수행할 수 있다.
2. update문을 수행할 수 있다.
3. delete문을 수행할 수 있다.
4. select문을 수행할 수 있다.



**핵심 개념**

- select
- insert
- update
- delete



------



**데이터 조작어(Data Manipulation Language, DML)의 종류**

데이터 조작어는 모두 동사로 시작합니다.

시작하는 동사에 따라서 다음과 같은 4가지 조작어가 있습니다.

- **SELECT** – 검색
- **INSERT** - 등록
- **UPDATE** - 수정
- **DELETE** - 삭제





**SELECT 구문의 기본문형**

![select](C:\Users\lg\Documents\boost-course\images\select.PNG)

\* 해당 테이블에서 컬럼에 해당하는 내용을 보여죠라





**SELECT 구문 예제(전체 데이터 검색)**

- 전체 데이터 검색
- SELECT 뒤에 * 를 기술함으로써 나타낼 수 있다.

예제 : departments 테이블의 \*모든\* 데이터를 출력하시오.

```mysql
SELECT * FROM  DEPARTMENT;
```





**SELECT 구문 예제(특정 컬럼 검색)**

- SELECT 뒤에 컬럼을 콤마(,)로 구별해서 나열

예제 : employee 테이블에서 직원의 사번(empno), 이름(name), 직업(job)을 출력하시오.

어떤 칼럼이 있는지는 desc명령으로 확인

```mysql
select empno, name, job from employee;
```





**SELECT 구문 예제(컬럼에 Alias부여하기)**

- 컬럼에 대한 ALIAS(별칭)을 부여해서 나타내는 칼럼의 HEADING을 변경할 수 있다.

예제 : employee 테이블에서 직원의 사번(empno), 이름(name), 직업(job)을 출력하시오.

```mysql
select empno (as) 사번, name (as) 이름, job (as) 직업 from employee;
```

\* as는 생략하고 공백으로 대체할 수 있음





**SELECT 구문 예제(컬럼의 합성(Concatenation))**

- 문자열 결합함수 concat 사용

예제 : employee 테이블에서 사번과 부서번호를 하나의 칼럼으로 출력하시오.

```mysql
SELECT concat( empno, '-', deptno) AS '사번-부서번호' 
FROM employee;
```





**SELECT 구문 예제(중복행의 제거)**

- 중복되는 행이 출력되는 경우, DISTINCT 키워드로 중복행을 제거

예제1 : 사원 테이블의 모든 부서번호 출력하시오. (사원 수 만큼 출력된다.)

```mysql
select deptno from employee;
```





예제2 : 사원 테이블의 부서번호를 중복되지 않게 출력하시오.

```mysql
select distinct deptno from employee;
```





**SELECT 구문 예제(정렬하기)**

![select - orderby](C:\Users\lg\Documents\boost-course\images\select - orderby.PNG)





**SELECT 구문 예제(정렬하기)**

예제 : employee 테이블에서 직원의 사번(empno), 이름(name), 직업(job)을 출력하시오.

단, 이름을 기준으로 오름차순 정렬합니다.

```mysql
select empno, name, job from employee order by name;

select empno as 사번, name as 이름, job as 직업 from employee order by 이름;
```





**SELECT 구문 예제(정렬하기)**

예제 : employee 테이블에서 직원의 사번(empno), 이름(name), 직업(job)을 출력하시오.

단, 이름을 기준으로 내림차순 정렬합니다.

```mysql
select empno, name, job from employee order by name desc;

select empno, name, job from employee order by 2 desc;
```





**SELECT 구문 예제(특정 행 검색- where절)**

![select - where](C:\Users\lg\Documents\boost-course\images\select - where.PNG)





- 산술비교 연산자

예제 : employee 테이블에서 고용일(hiredate)이 1981년 이전의 사원이름과 고용일을 출력하시오.

```mysql
select name, hiredate from employee where hiredate < '1981-01-01';
```

- 논리연산자

예제 : employee 테이블에서 부서번호가 30인 사원이름과 부서번호를 출력하시오.

```mysql
select name, deptno from employee where deptno = 30;
```

- IN 키워드

예제 : employee 테이블에서 부서번호가 10또는 30인 사원이름과 부서번호를 출력하시오.

```mysql
select name, deptno from employee where deptno in (10, 30);

select name, deptno from employee where deptno = 10 or deptno = 30;
```

- LIKE 키워드
- 와일드 카드를 사용하여 특정 문자를 포함한 값에 대한 조건을 처리
- % 는 0에서부터 여러 개의 문자열을 나타냄
- _ 는 단 하나의 문자를 나타내는 와일드 카드



예제 : employee 테이블에서 이름에 'A'가 포함된 사원의 이름(name)과 직업(job)을 출력하시오.

```mysql
select name, job from employee where name like '%A%';
```



예제 : employee 테이블에서 이름에 두번째 글자가 'A'로 시작하는사원의 이름(name)과 직업(job)을 출력하시오.

```mysql
select name, job from employee where name like '_A%';
```





**SELECT 구문 예제(함수의 사용)**

- UCASE, UPPER

```mysql
mysql> SELECT UPPER('SEoul'), UCASE('seOUL');
 +-----------------+-----------------+
  | UPPER('SEoul') | UCASE('seOUL')  |
  +-----------------+-----------------+
  | SEOUL           | SEOUL          |
  +-----------------+-----------------+
```

from 다음에 테이블이 없을 경우에는 테이블에서 조회하는 것이 아닙니다.

- LCASE, LOWER

```mysql
mysql> SELECT LOWER('SEoul'), LCASE('seOUL');
 +-----------------+-----------------+
  | LOWER('SEoul') | LCASE('seOUL') |
  +-----------------+-----------------+
  | seoul              | seoul             |
  +-----------------+-----------------+
```

- substring

```mysql
mysql> SELECT SUBSTRING('Happy Day',3,2);
  +-----------------+-----------------+
  | SUBSTRING('Happy Day',3,2)      |
  +-----------------+-----------------+
  | pp                                       |
  +-----------------+-----------------+
```

- LPAD, RPAD(문자, 자리 수, 지정된 문자) : 문자를 지정된 자리 수로 공간을 잡아서 보여줘라. 자리 수가 맞지 않으면 지정된 문자로 왼쪽에 채워서

```mysql
mysql> SELECT LPAD('hi',5,'?'),LPAD('joe',7,'*');
  +------------------+-------------------+
  | LPAD('hi',5,'?')    | LPAD('joe',7,'*')   |
  +------------------+-------------------+
  | ???hi               |           ****joe    |
  +------------------+-------------------+
```

- TRIM, LTRIM, RTRIM : 앞,뒤에 있는 공백 제거

```mysql
mysql> SELECT LTRIM(' hello '), RTRIM(' hello ');
+-------------------------------------+
| LTRIM(' hello ') | RTRIM(' hello ')  |
+-------------------------------------+
| 'hello '            | '  hello‘      |
+-------------------------------------+

mysql> SELECT TRIM(' hi '),TRIM(BOTH 'x' FROM 'xxxhixxx');
+----------------+-----------------------------------+
| TRIM(' hi ')     | TRIM(BOTH 'x' FROM 'xxxhixxx') |
+----------------+-----------------------------------+
| hi                 | hi                           |
+----------------+-----------------------------------+
```

- ABS(x) : x의 절대값을 구합니다.

```mysql
mysql> SELECT ABS(2), ABS(-2);
+-----------+------------+ 
| ABS(2)     | ABS(-2)    | 
+-----------+------------+ 
| 2            | 2             | 
+-----------+------------+
```

- MOD(n,m) % : n을 m으로 나눈 나머지 값을 출력합니다.

```mysql
mysql> SELECT MOD(234,10), 253 % 7, MOD(29,9);
+----------------+------------+-------------+ 
| MOD(234,10)  | 253 % 7   | MOD(29,9)      | 
+----------------+------------+-------------+ 
|      4      |      1     |      2         | 
+----------------+------------+-------------+
```





**SELECT 구문(함수의 사용)**

- FLOOR(x) : x보다 크지 않은 가장 큰 정수를 반환합니다. BIGINT로 자동 변환합니다.
- CEILING(x) : x보다 작지 않은 가장 작은 정수를 반환합니다.
- ROUND(x) : x에 가장 근접한 정수를 반환합니다.
- POW(x,y) POWER(x,y) : x의 y 제곱 승을 반환합니다.
- GREATEST(x,y,...) : 가장 큰 값을 반환합니다.
- LEAST(x,y,...) : 가장 작은 값을 반환합니다.
- CURDATE(),CURRENT_DATE : 오늘 날짜를 YYYY-MM-DD나 YYYYMMDD 형식으로 반환합니다.
- CURTIME(), CURRENT_TIME : 현재 시각을 HH:MM:SS나 HHMMSS 형식으로 반환합니다.
- NOW(), SYSDATE() , CURRENT_TIMESTAMP : 오늘 현시각을 YYYY-MM-DD HH:MM:SS나 YYYYMMDDHHMMSS 형식으로 반환합니다. 
- DATE_FORMAT(date,format) : 입력된 date를 format 형식으로 반환합니다.
- PERIOD_DIFF(p1,p2) : YYMM이나 YYYYMM으로 표기되는 p1과 p2의 차이 개월을 반환합니다.





**SELECT 구문(CAST 형변환)**

![select - cast](C:\Users\lg\Documents\boost-course\images\select - cast.PNG)



예제

```mysql
mysql> select cast(now() as date);
+---------------------+
| cast(now() as date) |
+---------------------+
| 2003-09-25          |
+---------------------+
1 row in set (0.00 sec)
mysql> select cast(1-2 as unsigned);
+----------------------------+
|   cast(1-2 as unsigned)    |
+----------------------------+
|  18446744073709551615 |
+----------------------------+
```





**SELECT 구문(그룹함수)**

![select - group](C:\Users\lg\Documents\boost-course\images\select - group.PNG)

그룹 함수는 여러개의 컬럼의 값을 가지고 하나의 결과 값만 만들어 내는 것이다.





**SELECT 구문 예제(그룹함수)**

예제 : employee 테이블에서 부서번호가 30인 직원의 급여 평균과 총합계를 출력하시오.

```mysql
SELECT AVG(salary) , SUM(salary)
FROM employee
WHERE deptno = 30;
```



**SELECT 구문 예제(그룹함수와 groupby 절)**

예제 : employee 테이블에서 부서별 직원의 부서번호, 급여 평균과 총합계를 출력하시오.

```mysql
SELECT deptno, AVG(salary) , SUM(salary)
FROM employee
group by deptno;
```





**데이터 입력 (INSERT문)**

```mysql
INSERT INTO 테이블명(필드1, 필드2, 필드3, 필드4, … ) 
        VALUES ( 필드1의 값, 필드2의 값, 필드3의 값, 필드4의 값, … )

INSERT INTO 테이블명
        VALUES ( 필드1의 값, 필드2의 값, 필드3의 값, 필드4의 값, … )
```

- 필드명을 지정해주는 방식은 디폴트 값이 세팅되는 필드는 생력할 수 있습니다.
- 필드명을 지정해주는 방식은  추 후, 필드가 추가/변경/수정 되는 변경에 유연하게 대처 가능합니다.
- 필드명을 생략했을 경우에는 모든 필드 값을 반드시 입력해야 합니다.

 

**데이터 입력 실습 (INSERT문)**

예제 : ROLE테이블에 role_id는 200, description에는 'CEO'로 한건의 데이터를 저장하시오.

```mysql
INSERT INTO ROLE (role_id, description) values ( 200, 'CEO');
```



**데이터 수정(UPDATE문)**

```mysql
 UPDATE  테이블명
        SET  필드1=필드1의값, 필드2=필드2의값, 필드3=필드3의값, …
   WHERE  조건식
```

- 조건식을 통해 특정 row만 변경할 수 있습니다.
- 조건식을 주지 않으면 전체 로우가 영향을 미치니 조심해서 사용하도록 합니다.

[예제11] user 번호가 1인 사용자의 이름을 영문으로 바꾸고,  join_date을 현재 시간이 적용되도록 수정하시오.



**데이터 수정 실습(UPDATE문)**

예제 : ROLE테이블에 role_id가 200일 경우 description을 'CTO'로 수정하시오.

```mysql
update ROLE

set description = 'CTO'

where role_id = 200;
```

\* where절을 안줄 경우 모든 데이터가 수정되니 조심해야 합니다.



**데이터 삭제(DELETE문)**

```mysql
 DELETE
      FROM  테이블명
WHERE  조건식
    
```

- 조건식을 통해 특정 row만 삭제할 수 있습니다.
- 조건식을 주지 않으면 전체 로우가 영향을 미치니 조심해서 사용하도록 합니다.

[예제12] user 번호가 1인 사용자를 삭제하시오.



**데이터 삭제 실습(DELETE문)**

예제 : ROLE테이블에서 role_id는 200인 정보를 삭제하시오.

```mysql
delete from ROLE where role_id = 200;
```

\* where절을 안줄 경우 모든 데이터가 삭제되니 조심해야 합니다.



**생각해보기**

사원의 이름과 그 사원이 속한 부서명을 구하려면 어떻게 해야할까요?

이 경우엔 EMPLOYEE 테이블과 DEPARTMENT 테이블을 조인(Join)해야 합니다. 

select문과 join에 대해 알아보세요.

```mysql
select employee.name, department.name
from employee join department
on employee.deptno = department.deptno;
```





------



##### 참고 자료

- [SQL Join](http://www.sqlprogram.com/Basics/sql-join.aspx)
- [W3 school - SQL JOIN](https://www.w3schools.com/sql/sql_join.asp)





## 03 DDL(create, drop)

**들어가기 전에**

이번 시간엔 데이터가 저장되는 틀인 테이블을 생성, 수정, 삭제하는 방법에 대해 배워보도록 하겠습니다.

 

**학습 목표**

1. 테이블을 생성할 수 있다.
2. 테이블을 수정할 수 있다.
3. 테이블을 삭제할 수 있다.

 

**핵심 개념**

- create table
- alter table
- drop table



------



##### DDL

데이터 정의어는 데이터베이스에 스키마 객체를 생성, 변경, 제거하는 일들을 수행하는 것



**MySQL 데이터 타입**

![mysql-datatype](C:\Users\lg\Documents\boost-course\images\mysql-datatype.PNG)



![mysql-datatype-2](C:\Users\lg\Documents\boost-course\images\mysql-datatype-2.PNG)





**테이블 생성**

```mysql
create table 테이블명( 
          필드명1 타입 [NULL | NOT NULL][DEFAULT ][AUTO_INCREMENT], 
          필드명2 타입 [NULL | NOT NULL][DEFAULT ][AUTO_INCREMENT], 
          필드명3 타입 [NULL | NOT NULL][DEFAULT ][AUTO_INCREMENT], 
          ........... 
          PRIMARY KEY(필드명) 
          );
```

- 데이터 형 외에도 속성값의 빈 값 허용 여부는 NULL 또는 NOT NULL로 설정
- DEFAULT 키워드와 함께 입력하지 않았을 때의 초기값을 지정
- 입력하지 않고 자동으로 1씩 증가하는 번호를 위한 AUTO_INCREMENT

```mysql
CREATE TABLE EMPLOYEE2(   
            empno      INTEGER NOT NULL PRIMARY KEY,  
           name       VARCHAR(10),   
           job        VARCHAR(9),   
           boss       INTEGER,   
           hiredate   VARCHAR(12),   
           salary     DECIMAL(7, 2),   
           comm       DECIMAL(7, 2),   
          deptno     INTEGER);
```

 

**테이블 수정 (컬럼 추가 / 삭제)**

```mysql
alter table 테이블명
          add  필드명 타입 [NULL | NOT NULL][DEFAULT ][AUTO_INCREMENT];

alter table 테이블명
         drop  필드명;
```

 

**테이블 수정 실습 (컬럼 추가)**

실습 – EMPLOYEE2 테이블에 생일(birthdate)칼럼을 varchar(12)형식으로 추가하시오.

```mysql
alter table EMPLOYEE2

add birthdate varchar(12);
```



**테이블 수정 실습 (컬럼 삭제)**

실습 – EMPLOYEE2 테이블의 생일(birthdate)칼럼을 삭제하시오.

```mysql
alter table EMPLOYEE2 drop birthdate;
```



**테이블 수정 (컬럼 수정)**

```mysql
alter table  테이블명
     change  필드명  새필드명 타입 [NULL | NOT NULL][DEFAULT ][AUTO_INCREMENT];
```

- change 키워드를 사용하고  칼럼을 새롭게 재정의 (이름부터 속성까지 전부)

 

**테이블 수정 실습 (컬럼 수정)**

실습 – EMPLOYEE2 테이블의 부서번호(deptno)를 dept_no로 수정하시오.

```mysql
alter table EMPLOYEE2

change deptno dept_no int(11);
```



**테이블 이름 변경**

```mysql
alter table  테이블명 rename 변경이름
```

 

**테이블 이름 변경 실습**

실습 – EMPLOYEE2 테이블의 이름을 EMPLOYEE3로 변경하시오.

```mysql
alter table EMPLOYEE2

rename EMPLOYEE3;
```



**테이블 삭제하기**

```mysql
drop table 테이블이름;
```

참고로, 제약 조건이 있을 경우에는 drop table 명령으로도 테이블이 삭제되지 않을 수 있습니다.

그럴 경우는 테이블을 생성한 반대 순서로 삭제를 해야합니다.

 

**테이블 삭제 실습**

\* 테이블 삭제 후 desc 명령을 수행하면, 존재하지 않는 테이블이라고 표시됩니다.

실습 – EMPLOYEE2 테이블을 삭제하시오.

```mysql
drop table EMPLOYEE2;
```





**생각해보기**

- 칼럼의 길이가 10인데, 해당 칼럼에 값이 저장되어 있습니다.  이 때 칼럼의 길이를 5로 바꾼다면 어떤 일이 벌어질까요?

  오류가 발생하면서 해당 쿼리는 취소된다.

- **문자열을 저장하는 데이터 타입인 CHAR와 VARCHAR 차이점에 대해 알아보고 어떤 상황에서 CHAR 또는 VARCHAR 를 선택하는 것이 효율적인지 생각해봅시다.**

  char는 어떤 문자열이 들어와도 지정한 크기만큼 메모리가 할당된다. (c에서 배열과 비슷) varchar는 들어온 문자열의 길이를 계산해 그 크기만큼 메모리가 할당된다. (java에서 arraylist와 비슷) char는 길이 연산을 할 필요가 없는 항상 일정한 길이의 문자열을 처리할 때 즉, 길이를 구하는 연산을 안해도 되는 문자열을 처리할 때 좋고 varchar는 길이가 다양한 문자열을 받을 때 즉, 길이를 구하는 연산은 하지만 메모리 공간을 덜 차지 하게 할 수 있을 때 좋다.

- 문자열 데이터 타입에는 문자셋을 지정할 수 있습니다. 문자셋에 따라 해당 필드가 차지하는 공간 크기를 한번 계산해보자. (예: VARCHAR(10) CHARACTER SET UTF8; 은 몇 Byte 크기를 차지할까요? ASCII 일때는 또 몇 Byte 크기를 가질까요?

  utf-8은 mysql에서 최대 3byte 이므로 총 30byte를 차지하고 ASCII는 1byte이므로 총 10byte를 차지한다.

  